{"cameraMode":{"drawMode":0,"name":"Shaded","section":"Shading Mode"},"sceneLighting":true,"audioPlay":false,"sceneViewState":{"showFog":true,"showMaterialUpdate":false,"showSkybox":true,"showFlares":true,"showImageEffects":true,"showParticleSystems":true},"in2DMode":false,"pivot":{"x":-21.94919204711914,"y":14.28802490234375,"z":10.066560745239258},"rotation":{"x":-0.42278677225112917,"y":0.12861205637454987,"z":-0.06089966744184494,"w":-0.8950622081756592},"size":25.20683479309082,"orthographic":false}