{"cameraMode":{"drawMode":0,"name":"Shaded","section":"Shading Mode"},"sceneLighting":true,"audioPlay":false,"sceneViewState":{"showFog":true,"showMaterialUpdate":false,"showSkybox":true,"showFlares":true,"showImageEffects":true,"showParticleSystems":true},"in2DMode":false,"pivot":{"x":183.87408447265626,"y":355.6920471191406,"z":-287.66741943359377},"rotation":{"x":-0.10960129648447037,"y":0.004365875385701656,"z":-0.0006820483831688762,"w":-0.9940964579582214},"size":29.79015350341797,"orthographic":false}