{"cameraMode":{"drawMode":0,"name":"Shaded","section":"Shading Mode"},"sceneLighting":true,"audioPlay":false,"sceneViewState":{"showFog":true,"showMaterialUpdate":false,"showSkybox":true,"showFlares":true,"showImageEffects":true,"showParticleSystems":true},"in2DMode":false,"pivot":{"x":-0.2857159376144409,"y":1.450000524520874,"z":198.48211669921876},"rotation":{"x":0.10093463957309723,"y":0.7914756536483765,"z":-0.13556145131587983,"w":0.5875520706176758},"size":3.181764602661133,"orthographic":false}